,0
0,_codehub_
1,marcusmichaels
2,codinganddecoding
3,vasiliki_koutskoudi
4,comment_sense
5,codemyjourney
6,medicaps_coders
7,saifizubbu
8,webosapiens
9,prolab.sc
10,protechters
11,kodlamam
12,coderdojowien
13,nucampcodingbootcamp
14,fullstack_memes
15,dancity11
16,script0_
17,ramenmermaid
18,harris.py
19,techneerd
20,temilola.dev
21,_8framespersec_
22,kacimbas__autostyling
23,_tech4geek
24,clevelandboy_coding
25,codingtim
26,cyber_world._
27,thedigitalayush
28,_pi.bot_
29,innercirclebillinginc
30,growingstemkids
31,benwrightdev
32,torchlight_studio
33,tinstech
34,insertc0d3
35,the_rustycoder
36,programmers_world_2k
37,technickaltrolls
38,memes_programming_
39,code_creators
40,raddon237
41,_cybrary
42,isaias_cuvula
43,bizkeytech
44,learn_medicalcoding
45,world256
46,mb_coder
47,mechuniverse
48,code_with_henock
49,webindays
50,thrifty__official
51,innovate_bham
52,webworldtechnologies
53,codeninjashighpoint
54,wisedesignjourney
55,hadjer__dev
56,crisodevelop
57,enermexico
58,ima.pro.grammer
59,media.crush
60,theecurlycoder
61,10x_developer
62,csi_hoax
63,stopcam_photos
64,websitekings
65,programming.styles
66,samanthaming
67,appstreet_
68,smartitrd
69,programmerwak
70,waksoftware
71,mbed_inn
72,clearinfosec
73,dudnv
74,we_are_engineers__
75,monadeguayaba.exe
76,parentdrivendev
77,doscoi555
78,yazilimkafasi_
79,simple_swift_
80,forexgoldtrader9111
81,skilltoai
82,volunteercrowd
83,faith_egent
84,codeleaf_net
85,_nngallery
86,bricks4kidznigeria
87,stem_mets
88,galactiq.app
89,mallucoderofficial
90,creativeprogrammer999
91,tech_i_q
92,nextgencoder
93,_must_spread_virus_
94,vero_nikitina
95,nationbyyouth
96,teamtreehouse
97,its.yash_parwal
98,yankez
99,bomoimajid22
100,stephen_gbolabyte
101,trimitrtechnologies
102,kisokolab
103,fullstackwebdeveloper
104,skookum_inc
105,bitcoin_manager5
106,berozgaarcoder
107,ms_messina
108,coders_guide
109,complete_c_programming
110,bake_code_draw
111,papa.kancha
112,certifiedprofessionalcoder
113,theresa_decola
114,jabriesse
115,sw6lnd
116,marika.molino
117,jorgenarvaez5
118,dthompsondev
119,kodizim
120,beastcomplex
121,python.verse
122,winbatchh
123,c_forcoding
124,synapse.code
125,ifeelabitoff
126,codenex.ir
127,platinumtechnology
128,py_ibrahim
129,autohaus.tech
130,lrned.io
131,electricmugwarmer
132,technologyworldinfo
133,steam_dz
134,ricardoparra226
135,neresleonardo
136,technologicaltv
137,programming_meme_s
138,barbonmotivador
139,techteractive
140,ispeakcomputer
141,lihin_codes.js
142,1st_incommand
143,drvnprogram
144,cyber_dark1
145,omviralstore
146,matrixreaders
147,easecode
148,codersmind
149,learn_electronics
150,aldersonloop
151,techno_tricks
152,ozencode
153,r1el.inside_
154,iklan2u
155,codewithsparsh
156,program.you
157,generativeartworks
158,cherishedorganization_
159,mdhesari
160,ig_darkseid_
161,dikwintelligence
162,rosegoldalchemy
163,vegancoder404
164,dyaroshevych
165,coding.todo
166,davidwebserviceguy
167,devcoderspro
168,rigelskyinc
169,lyanneampuero
170,nickcheadlefitness
171,anielskieskrzydlo
172,gecmisimden_bana_kalanlar
173,tallshipsl2
174,cantor_air
175,juriusphisicist
176,sloga96
177,zanetasciwiarska
178,yengec_ibrahim
179,webdevofficial
180,developerdylan
181,dead.programmer
182,innappscoding
183,jullydeveloper
184,anna.tech
185,dca.code
186,greyareasolutionsandservices
187,maxcieplinskidev
188,applecademy
189,altered.coders
190,__rahul_shrivastava
191,devgabble
192,the_art_of_coding
193,memeneversity
194,programming_plus_plus
195,patryk_rogala
196,frontend.lab
197,coders_do_not_have_life
198,the_smart_developer
199,learningdev
200,nhxtech
201,for_nerds_in_programming
202,unwritten.code
203,codergallery
204,_dan_hansen
205,rethinkbreastcancer
206,devyuji
207,aydiuz
208,for_programmers_
209,yoni_does_tech
210,ujudebug
211,elevenfiftyacademy
212,torneria_novoletto_srl
213,developerrepost
214,programmersjokes
215,wordpress.freak
216,java6_7
217,life_of_coders
218,adis_store_clothings
219,androidevelopment
220,bahadevchammakhi
221,fh.ferifm
222,tut4code
223,advaitasaha
224,aman_.dev
225,earlygeek
226,canecadodev
227,programmer__clothing
228,ddos.ly
229,codepies
230,codememerr
231,programmingknow
232,programming.lovers
233,python.science
234,aja_maidan_me
235,triptech_exp
236,embedded_lovers
237,___satyamsingh___
238,sonarpratik.codes
239,django_python_tamil
240,blo0_plum
241,hyper_assassin_
242,anglecoders
243,mechacoding
244,codex.central
245,coding.kaif
246,phonywallace
247,dtcodes
248,coding_360
249,paracoders__
250,justinbieshaar
251,challanging_program
252,mlearning.ai
253,the.coderlife
254,devfinix
255,coding_.panda
256,brasildesk
257,stefancode
258,iam.programmemer
259,ashutoshwahane
260,mashstatic
261,dowithtech
262,tech.memes0
263,the_sarcastic_coder
264,argonlabs
265,yuliaforkids
266,theomnicoder
267,juanka971
268,artilogist
269,developeradam
270,programmer.meme
271,utsavsingh899
272,developex_
273,code_diggers
274,dankcoder
275,dinoprogramming
276,web_tech_ajay
277,karmasthi
278,hicham.elaouni
279,nepali_programmer
280,thelazylearners
281,sbibrra
282,_iamebenezer
283,amazing.python
284,vincentdnl
285,lifeproger
286,financialmodelingprep
287,infotecnoarg
288,ambiguous_programmer
289,swarupmahato7
290,seanbatir
291,rezaidmcr
292,insynouttech
293,marccodess
294,code_station_
295,python.ml
296,codedatt
297,anaxdesigns
298,worthydev
299,informatica_intensiva
300,deeplearninggeeks
301,coding_gyan_
302,talkotcode
303,computersciencesimplified
304,justin_chirackal
305,brandidentitysystem
306,ms.husnak
307,almeezyuh
308,clairestudentlife
309,_steph.js
310,jacobolenick
311,devwoman_
312,jandroid_developer
313,nub8net
314,renanmouraf
315,xirect
316,programando.tech
317,commitcode
318,telugu_nri_memes
319,odasoftmx
320,indieletters
321,xbowstech
322,geek_luis25
323,humilityorigins
324,sos_engenharia
325,fulldevmeme
326,maybemarhs
327,21_julia_01_
328,amigoscode
329,luna.assolare
330,_mrsh._
331,developers_team
332,jaybajaj_
333,calvintoes
334,computacao_eletrica
335,grupo.asica1
336,profmiqueiasoliveira
337,globalsoft.tys
338,hinetprovedor
339,iss_latam
340,codecollect
341,kirstenel
342,clickso_mx
343,epicom_technology
344,uxdata.oficial
345,cyberlb
346,tinhaideia
347,mylovelygear
348,victoriaapp.co
349,connor.lyon_
350,bdi.gn
351,grammar_by_zoya_khan
352,incorptechnology
353,dreamtech2.0
354,techiesupreme
355,viray.dev
356,automafast
357,grupouniclima
358,joicecruzarquitetura
359,menyaksoftware
360,almirafitriani.id
361,techinformaticapelotas
362,baetasistemas
363,custodioip
364,cellphoneimportc.a
365,buenonetworks
366,tech.nology414
367,aurelioaugusto.consultoria
368,idea_odontologia
369,coding_jokes_time
370,forn1xgames
371,a_minadopc
372,abcfinancial
373,idukasyun
374,francescocarusone.it
375,anapolisagito
376,discovery_computer
377,g3_sistemas
378,saintcenter
379,mymarytale
380,hibacodes
381,rebecca_codes
382,thebabscraig
383,coding_monkeys
384,programmer.lifestyle
385,bamheroes
386,afinmedia
387,gary.codez_notebook
388,samia_anwar786
389,schulichignite
390,stuff_by_elijah
391,scottclark
392,electronic_brain
393,beard.dev
394,typozelguvenlik
395,agentrupert
396,seguranuriade
397,ozel_guvenliklerin_mekani
398,jerrykyrkmarbella
399,a_gram_of_nature
400,coding.woman.dz
401,javascript.js
402,coding_harry
403,interfacely
404,nerd_jfpb
405,peepletreesoft
406,spooteedesign
407,alemartinez977
408,guzmanluis.lg
409,tutoriales_a_tu_alcance
410,import_star.py
411,html5_css3_js
412,eng_memes_
413,go_remoting
414,codeninjaslexington
415,avidsyntax
416,imago_dei_design2020
417,p_r_.o_g_.r_a_.m_m_.e_r
418,ngugkcom
419,morningalgo
420,risbosoluciones
421,princekumarsinghh
422,programming_and_coffe
423,esecdesigner
424,willowbeehive
425,novaidee
426,codingisus
427,piedmont_comp
428,roblox.n.t
429,volgstagramy
430,chadbercea
431,alienexplorerok
432,codersbrasil_
433,omosume1
434,best_programmers_
435,qcursos_network
436,debugeverything
437,wwcodecolorado
438,great.ufc
439,back4app_
440,alpha_onechan
441,python_gate
442,divelement.io
443,xolutech
444,rodrigoalien.dev
445,programmerstunnel
446,geekmellog
447,comit.code
448,trabalhandocomtiemportugal
449,leandro_derossi
450,rubensteixeira
451,thaylloon
452,renatberidze
453,apilatoff
454,elycarneiro_
455,rosie._.dolls
456,pashaemr
457,gcodarlupo
458,tourist_bus_gallery
459,arma10x
460,_vishal_pokar31
461,gucci_chanel_baby88
462,gustavo_mario_tomi
463,mcgraf_
464,mum.of.leany.menzo
465,brechopolaroid
466,thee.luigixjude
467,pascalsamijn
468,wyasleyfeitosa
469,hana_to_ikkun
470,moncloa.merida
471,mamou.s.laskou
472,nrmada123
473,kidsonlybeddings
474,ohneverminditsjustmenorbert
475,matetskaya96
476,ronel1224
477,john_drds
478,i.stefanov94
479,arvinphoto_
480,nazishshaikh083
481,madebypflaumi
482,dreamschocolat
483,___top_up_
484,dominik_berezanski_fanpage
485,attilio_jbt
486,yanmael
487,eeduardooesteban
488,mael.fourny
489,subaru849
490,annvan31
491,mondinorai
492,tikindiatok
493,natu.re490
494,tiwa.savage_gram
495,dirtystories2768
496,di_vercosa
497,el__karim
498,mr_ikkuzain_04
499,lauraa_meyer
500,dorinafruzsina26
501,oliviatps
502,v.wlodarczyk
503,itsmcjustin
504,paulafeijo
505,fabianorocha
506,anastasia.kholie
507,sonechka.aa
508,arasss.111
509,aruzhanotarujan
510,its_dinesh_yadav
511,annie_urban
512,world_macro_photo
513,febejosh
514,photos_through_glass
515,a_n_i_k_e_t__m_o_d_i
516,claretiaceae
517,boondock.diary
518,shikhu_baba
519,mrslizawilliams
520,rubab_aali33
521,yoshi5842o
522,jorgeaquiros
523,ongmiko_thefurball
524,tmburrows
525,flyapril_marie
526,louis.pm_
527,hisarah.j
528,loktikchristina
529,ravenka986
530,mr_ilic
531,abhiijeetchaudhary
532,vaishs_1877
533,via_saturno1
534,ba9lawa_of_algeria
535,oticanardo
536,milenka_milenka_milenka
537,ask_for_meme
538,anahartmann__
539,xxliaxxx
540,danielbastidastoro
541,kristen_fitlife
542,marthesell
543,ebrahimgolmah
544,trejodluhosch
545,linnna_
546,picture_.ne
547,t_c_cooking
548,j.cole_0_
549,_sachin.013
550,decor67
551,its_cute_mirza
552,prairieprosepoem
553,m_j_r_collection__
554,klimek_dawid19
555,will_i_amitaly
556,kolekailas92gmail.com5597
557,generetion_tiktok_
558,__kashioulis.a__
559,southmediaa
560,__eeiibrendaah_
561,guyphilemy
562,airlarh_og
563,monica_buaro
564,ilinca_cosmina
565,sensicasadesign
566,_jaghu_
567,lifeofdeniss
568,hsyn_ekinci_2763
569,dianaastadnyk
570,arshadnazar54
571,photofoodies.eu
572,fitnessevolveig
573,portharcourt_teenz_blog
574,___painfull_word
575,_.clickblinksnap._
576,latamali_94
577,anushervon.o2
578,161_ming
579,snxhaaaaa___
580,afreen_khan_7853
581,silent._model
582,matin__diba
583,gulsumbolukk
584,jeababe
585,kordeckv.d
586,aleksyaya
587,natalkaaa0125
588,justynanikel
589,nelyatetiuk
590,zyglewskaa
591,_ulkos_
592,giulia_sc_ostu
593,freak_out_status
594,timeabenova
595,ameliabakiewicz
596,fantastici_anni_80_90
597,krajbrezje
598,pozytywka.pracowniatworcza
599,theartechieti
600,diablek_32
601,gulavantabenzersizkokular
602,soyalecastillo
603,alanypaulina_
604,swapnachirps
605,ymho0408
606,lov3_shoot
607,joseangelhernandez6490
608,harshrajsinh__gohil
609,maria_alice_rocha_ofcial
610,towhid2k17
611,iamricardofernandes
612,dbc09
613,mr_x__96
614,izabelarobakowskamakeup
615,_ftrh.faturrohman
616,ruben.smarques
617,thanycola
618,cristinacooking
619,purple.poise
620,s.scorpion.91
621,emanuelcirstea
622,divulgababys66
623,renjith_vazhavila
624,mr_chotuu
625,sandra_a_ell
